{
	"class_name" : "PinholeCameraParameters",
	"extrinsic" : 
	[
		0.99983839053460244,
		-0.0046335709188561891,
		-0.017370170802725952,
		0.0,
		-0.007766089744228725,
		-0.98273171271489901,
		-0.18487311506686424,
		0.0,
		-0.016213595013461032,
		0.18497813612689848,
		-0.98260887869576985,
		0.0,
		0.07513583722796105,
		-0.021385460659092415,
		1.4657319503220241,
		1.0
	],
	"intrinsic" : 
	{
		"height" : 1061,
		"intrinsic_matrix" : 
		[
			918.85295341528945,
			0.0,
			0.0,
			0.0,
			918.85295341528945,
			0.0,
			959.5,
			530.0,
			1.0
		],
		"width" : 1920
	},
	"version_major" : 1,
	"version_minor" : 0
}