{
	"class_name" : "PinholeCameraParameters",
	"extrinsic" : 
	[
		0.96433030658001884,
		-0.0029861006200771478,
		-0.26468498826789111,
		0.0,
		-0.19161467484087519,
		-0.69774773158974135,
		-0.69024047943234679,
		0.0,
		-0.18262222262614305,
		0.71633734110714697,
		-0.67343146461880621,
		0.0,
		0.1449856463145526,
		0.037814042451912666,
		1.3208419893566974,
		1.0
	],
	"intrinsic" : 
	{
		"height" : 1061,
		"intrinsic_matrix" : 
		[
			918.85295341528945,
			0.0,
			0.0,
			0.0,
			918.85295341528945,
			0.0,
			959.5,
			530.0,
			1.0
		],
		"width" : 1920
	},
	"version_major" : 1,
	"version_minor" : 0
}