{
	"class_name" : "PinholeCameraParameters",
	"extrinsic" : 
	[
		0.99968994337500849,
		0.0081739567265322801,
		0.023520279469113215,
		0.0,
		0.014041947245919211,
		-0.96512238656564475,
		-0.26142226888193171,
		0.0,
		0.020563093940728687,
		0.26167148369905907,
		-0.96493792224490693,
		0.0,
		0.00059278095432102607,
		-0.021938812365227267,
		1.1346204780563229,
		1.0
	],
	"intrinsic" : 
	{
		"height" : 1061,
		"intrinsic_matrix" : 
		[
			918.85295341528945,
			0.0,
			0.0,
			0.0,
			918.85295341528945,
			0.0,
			959.5,
			530.0,
			1.0
		],
		"width" : 1920
	},
	"version_major" : 1,
	"version_minor" : 0
}