{
	"class_name" : "PinholeCameraParameters",
	"extrinsic" : 
	[
		0.94760674040391468,
		-0.31761504523253353,
		0.034090300424073197,
		0.0,
		-0.28971030831113065,
		-0.89946657991592316,
		-0.32715104901653913,
		0.0,
		0.13457118116200634,
		0.30013422773200665,
		-0.94435694657495606,
		0.0,
		-0.035366442189865843,
		0.070994128544392021,
		1.4305087902036742,
		1.0
	],
	"intrinsic" : 
	{
		"height" : 1061,
		"intrinsic_matrix" : 
		[
			918.85295341528945,
			0.0,
			0.0,
			0.0,
			918.85295341528945,
			0.0,
			959.5,
			530.0,
			1.0
		],
		"width" : 1920
	},
	"version_major" : 1,
	"version_minor" : 0
}