{
	"class_name" : "PinholeCameraParameters",
	"extrinsic" : 
	[
		0.99874444167299348,
		0.039854216552975143,
		0.030350974453041853,
		0.0,
		0.04511264664933317,
		-0.97895645206211324,
		-0.19902038608708361,
		0.0,
		0.02178048070160634,
		0.20013971717005091,
		-0.97952524432579025,
		0.0,
		-5.22751507586554,
		4.8328383389650655,
		1.6715806376588462,
		1.0
	],
	"intrinsic" : 
	{
		"height" : 1061,
		"intrinsic_matrix" : 
		[
			918.85295341528945,
			0.0,
			0.0,
			0.0,
			918.85295341528945,
			0.0,
			959.5,
			530.0,
			1.0
		],
		"width" : 1920
	},
	"version_major" : 1,
	"version_minor" : 0
}