{
	"class_name" : "PinholeCameraParameters",
	"extrinsic" : 
	[
		-0.82242875242668045,
		0.086852289228664267,
		-0.56219892123485482,
		0.0,
		-0.047605210516344428,
		-0.99531759123846442,
		-0.084122746644149593,
		0.0,
		-0.56687272920258625,
		-0.042421367575806668,
		0.82271242634313591,
		0.0,
		-0.0078188770108915673,
		0.23560941499103305,
		1.2569254011309936,
		1.0
	],
	"intrinsic" : 
	{
		"height" : 1061,
		"intrinsic_matrix" : 
		[
			918.85295341528945,
			0.0,
			0.0,
			0.0,
			918.85295341528945,
			0.0,
			959.5,
			530.0,
			1.0
		],
		"width" : 1920
	},
	"version_major" : 1,
	"version_minor" : 0
}