{
	"class_name" : "PinholeCameraParameters",
	"extrinsic" : 
	[
		0.8502933112808605,
		-0.031777820168301482,
		0.52534888877428965,
		0.0,
		0.12501264538802026,
		-0.95741415919324457,
		-0.26024981511882339,
		0.0,
		0.51124663645262158,
		0.28696393139494686,
		-0.81011022632370056,
		0.0,
		-0.03702216138546191,
		0.2123623768371537,
		0.60447296969831732,
		1.0
	],
	"intrinsic" : 
	{
		"height" : 1061,
		"intrinsic_matrix" : 
		[
			918.85295341528945,
			0.0,
			0.0,
			0.0,
			918.85295341528945,
			0.0,
			959.5,
			530.0,
			1.0
		],
		"width" : 1920
	},
	"version_major" : 1,
	"version_minor" : 0
}