{
	"class_name" : "PinholeCameraParameters",
	"extrinsic" : 
	[
		0.96903587377036415,
		-0.19001972109397083,
		0.15767682436387576,
		0.0,
		-0.1482657237679505,
		-0.95842114550694313,
		-0.24381587930388141,
		0.0,
		0.19745062801032767,
		0.21288826515458431,
		-0.95691788365449559,
		0.0,
		-0.050433574369086187,
		-0.23108267389483356,
		1.8284959966361991,
		1.0
	],
	"intrinsic" : 
	{
		"height" : 1061,
		"intrinsic_matrix" : 
		[
			918.85295341528945,
			0.0,
			0.0,
			0.0,
			918.85295341528945,
			0.0,
			959.5,
			530.0,
			1.0
		],
		"width" : 1920
	},
	"version_major" : 1,
	"version_minor" : 0
}