{
	"class_name" : "PinholeCameraParameters",
	"extrinsic" : 
	[
		0.3493022779326157,
		-0.15453139662055193,
		0.9241796178717574,
		0.0,
		0.22658979852411915,
		-0.9431033871048361,
		-0.2433373469818903,
		0.0,
		0.90920018798715874,
		0.29440796302051253,
		-0.29441292341578307,
		0.0,
		0.0020814037281946807,
		0.13513687673280747,
		0.77056410503505568,
		1.0
	],
	"intrinsic" : 
	{
		"height" : 1061,
		"intrinsic_matrix" : 
		[
			918.85295341528945,
			0.0,
			0.0,
			0.0,
			918.85295341528945,
			0.0,
			959.5,
			530.0,
			1.0
		],
		"width" : 1920
	},
	"version_major" : 1,
	"version_minor" : 0
}