{
	"class_name" : "PinholeCameraParameters",
	"extrinsic" : 
	[
		0.99963221550336145,
		0.0014816827680970898,
		0.02707837410215054,
		0.0,
		0.0051917884610344807,
		-0.99049325644573583,
		-0.13746328334540014,
		0.0,
		0.026617269965516041,
		0.13755331167113583,
		-0.99013666096548825,
		0.0,
		-0.0022749151879639766,
		0.060129624571860232,
		0.80083720591363872,
		1.0
	],
	"intrinsic" : 
	{
		"height" : 1061,
		"intrinsic_matrix" : 
		[
			918.85295341528945,
			0.0,
			0.0,
			0.0,
			918.85295341528945,
			0.0,
			959.5,
			530.0,
			1.0
		],
		"width" : 1920
	},
	"version_major" : 1,
	"version_minor" : 0
}