{
	"class_name" : "PinholeCameraParameters",
	"extrinsic" : 
	[
		0.97017165502552916,
		-0.052272008667255204,
		-0.23671627931960268,
		0.0,
		-0.1318118231939992,
		-0.93326052925707281,
		-0.33414132907660865,
		0.0,
		-0.20345172167199677,
		0.35537645059950018,
		-0.912312981003779,
		0.0,
		-0.012216375480767122,
		0.24528529330722695,
		0.64173958678146192,
		1.0
	],
	"intrinsic" : 
	{
		"height" : 1061,
		"intrinsic_matrix" : 
		[
			918.85295341528945,
			0.0,
			0.0,
			0.0,
			918.85295341528945,
			0.0,
			959.5,
			530.0,
			1.0
		],
		"width" : 1920
	},
	"version_major" : 1,
	"version_minor" : 0
}