{
	"class_name" : "PinholeCameraParameters",
	"extrinsic" : 
	[
		0.44798463355302603,
		0.50382379918056119,
		0.73856032081315248,
		0.0,
		-0.34446040651746446,
		-0.66504873567241607,
		0.66261392041093148,
		0.0,
		0.82501927034596234,
		-0.55124564266739251,
		-0.12438426346620111,
		0.0,
		-0.29268460260384421,
		0.22143331721423243,
		1.1556424870964597,
		1.0
	],
	"intrinsic" : 
	{
		"height" : 1061,
		"intrinsic_matrix" : 
		[
			918.85295341528945,
			0.0,
			0.0,
			0.0,
			918.85295341528945,
			0.0,
			959.5,
			530.0,
			1.0
		],
		"width" : 1920
	},
	"version_major" : 1,
	"version_minor" : 0
}