{
	"class_name" : "PinholeCameraParameters",
	"extrinsic" : 
	[
		0.82672714109539625,
		0.35730457102493768,
		-0.43457528427295355,
		0.0,
		0.28398670865925879,
		-0.93183745624506775,
		-0.22589932369000734,
		0.0,
		-0.48566838838976784,
		0.063343497404285423,
		-0.87184506528137162,
		0.0,
		-0.12311148612888015,
		0.16994991817310406,
		0.59966138347331066,
		1.0
	],
	"intrinsic" : 
	{
		"height" : 1061,
		"intrinsic_matrix" : 
		[
			918.85295341528945,
			0.0,
			0.0,
			0.0,
			918.85295341528945,
			0.0,
			959.5,
			530.0,
			1.0
		],
		"width" : 1920
	},
	"version_major" : 1,
	"version_minor" : 0
}