{
	"class_name" : "PinholeCameraParameters",
	"extrinsic" : 
	[
		0.99940694230416793,
		-0.0022826238519751433,
		0.034359180761244966,
		0.0,
		0.0049071388348677298,
		-0.9781763376490924,
		-0.20771849328325201,
		0.0,
		0.034083480788922434,
		0.20776390950249152,
		-0.97758502149201931,
		0.0,
		0.0022609354722414876,
		-0.45573851965120643,
		2.0695349016218869,
		1.0
	],
	"intrinsic" : 
	{
		"height" : 1061,
		"intrinsic_matrix" : 
		[
			918.85295341528945,
			0.0,
			0.0,
			0.0,
			918.85295341528945,
			0.0,
			959.5,
			530.0,
			1.0
		],
		"width" : 1920
	},
	"version_major" : 1,
	"version_minor" : 0
}