{
	"class_name" : "PinholeCameraParameters",
	"extrinsic" : 
	[
		0.82580926004839716,
		-0.042507766542043884,
		0.56234522830902189,
		0.0,
		0.18593554732391329,
		-0.92087671957985628,
		-0.34265732091580892,
		0.0,
		0.53241622651800879,
		0.38752955644627923,
		-0.75256481755452442,
		0.0,
		-0.018607594244739123,
		0.1866891762300659,
		0.74416952987886487,
		1.0
	],
	"intrinsic" : 
	{
		"height" : 1061,
		"intrinsic_matrix" : 
		[
			918.85295341528945,
			0.0,
			0.0,
			0.0,
			918.85295341528945,
			0.0,
			959.5,
			530.0,
			1.0
		],
		"width" : 1920
	},
	"version_major" : 1,
	"version_minor" : 0
}