{
	"class_name" : "PinholeCameraParameters",
	"extrinsic" : 
	[
		0.99995950035437375,
		9.8996706040390905e-05,
		0.0089993250126723431,
		0.0,
		0.0010952622686573651,
		-0.99384577147224162,
		-0.1107672466359436,
		0.0,
		0.0089329755173946628,
		0.11077261722283759,
		-0.99380562949804652,
		0.0,
		0.0077014819662820852,
		0.20833957959573673,
		0.7702594344694218,
		1.0
	],
	"intrinsic" : 
	{
		"height" : 1061,
		"intrinsic_matrix" : 
		[
			918.85295341528945,
			0.0,
			0.0,
			0.0,
			918.85295341528945,
			0.0,
			959.5,
			530.0,
			1.0
		],
		"width" : 1920
	},
	"version_major" : 1,
	"version_minor" : 0
}