{
	"class_name" : "PinholeCameraParameters",
	"extrinsic" : 
	[
		0.99992810751768424,
		-0.0013908666780924027,
		0.011909881862813984,
		0.0,
		0.0010507912437990473,
		-0.97926448960461598,
		-0.20258320571353625,
		0.0,
		0.011944690614007901,
		0.20258115630357815,
		-0.9791926263390881,
		0.0,
		0.00042926865293435937,
		-0.4143670109331356,
		2.1841653033415533,
		1.0
	],
	"intrinsic" : 
	{
		"height" : 1017,
		"intrinsic_matrix" : 
		[
			880.74783564877418,
			0.0,
			0.0,
			0.0,
			880.74783564877418,
			0.0,
			959.5,
			508.0,
			1.0
		],
		"width" : 1920
	},
	"version_major" : 1,
	"version_minor" : 0
}