{
	"class_name" : "PinholeCameraParameters",
	"extrinsic" : 
	[
		0.99856899896487716,
		0.0009310100752935918,
		0.053470436004608615,
		0.0,
		0.0093904105864503415,
		-0.98736632547233905,
		-0.15817572352377246,
		0.0,
		0.052647644727006775,
		0.15845148324799843,
		-0.98596214580540986,
		0.0,
		-0.017664338951738193,
		0.15320975044477947,
		0.75878400254142842,
		1.0
	],
	"intrinsic" : 
	{
		"height" : 1061,
		"intrinsic_matrix" : 
		[
			918.85295341528945,
			0.0,
			0.0,
			0.0,
			918.85295341528945,
			0.0,
			959.5,
			530.0,
			1.0
		],
		"width" : 1920
	},
	"version_major" : 1,
	"version_minor" : 0
}