{
	"class_name" : "PinholeCameraParameters",
	"extrinsic" : 
	[
		0.99998000433397083,
		-0.0014264062161510179,
		0.0061608682454947382,
		0.0,
		0.00026822699620704534,
		-0.96378550094894344,
		-0.2666785259725139,
		0.0,
		0.006318147395425769,
		0.26667484606895492,
		-0.96376584681528787,
		0.0,
		0.00011214337660011252,
		-0.44903662163967928,
		2.0420129042682782,
		1.0
	],
	"intrinsic" : 
	{
		"height" : 1061,
		"intrinsic_matrix" : 
		[
			918.85295341528945,
			0.0,
			0.0,
			0.0,
			918.85295341528945,
			0.0,
			959.5,
			530.0,
			1.0
		],
		"width" : 1920
	},
	"version_major" : 1,
	"version_minor" : 0
}