{
	"class_name" : "PinholeCameraParameters",
	"extrinsic" : 
	[
		0.99943102792267946,
		0.0060918797353092706,
		0.033173926911163006,
		0.0,
		0.012210545341949888,
		-0.98218804251503622,
		-0.187503471229025,
		0.0,
		0.031440785738731832,
		0.18780185872821428,
		-0.98170359011789243,
		0.0,
		-0.0082220570731020848,
		0.0070298454503364971,
		1.1184930070620187,
		1.0
	],
	"intrinsic" : 
	{
		"height" : 1061,
		"intrinsic_matrix" : 
		[
			918.85295341528945,
			0.0,
			0.0,
			0.0,
			918.85295341528945,
			0.0,
			959.5,
			530.0,
			1.0
		],
		"width" : 1920
	},
	"version_major" : 1,
	"version_minor" : 0
}