{
	"class_name" : "PinholeCameraParameters",
	"extrinsic" : 
	[
		0.99995756089224186,
		-0.0021266292876009514,
		-0.0089640315880623565,
		0.0,
		-0.004048089614954474,
		-0.97545631461886284,
		-0.22015583399186922,
		0.0,
		-0.008275831372615056,
		0.22018277797788657,
		-0.97542352590914727,
		0.0,
		-0.003642717752060657,
		-0.840541403482573,
		3.3037619062295396,
		1.0
	],
	"intrinsic" : 
	{
		"height" : 1061,
		"intrinsic_matrix" : 
		[
			918.85295341528945,
			0.0,
			0.0,
			0.0,
			918.85295341528945,
			0.0,
			959.5,
			530.0,
			1.0
		],
		"width" : 1920
	},
	"version_major" : 1,
	"version_minor" : 0
}