{
	"class_name" : "PinholeCameraParameters",
	"extrinsic" : 
	[
		0.99995916610660784,
		-0.00087460180473921312,
		0.0089945089393955319,
		0.0,
		0.00093871670677245797,
		-0.97986864810959373,
		-0.19964105605516563,
		0.0,
		0.0089880437427810461,
		0.19964134722937657,
		-0.97982781525435247,
		0.0,
		0.00050890083444216083,
		-0.5109454447809334,
		2.4021627648046868,
		1.0
	],
	"intrinsic" : 
	{
		"height" : 1017,
		"intrinsic_matrix" : 
		[
			880.74783564877418,
			0.0,
			0.0,
			0.0,
			880.74783564877418,
			0.0,
			959.5,
			508.0,
			1.0
		],
		"width" : 1920
	},
	"version_major" : 1,
	"version_minor" : 0
}