{
	"class_name" : "PinholeCameraParameters",
	"extrinsic" : 
	[
		0.99532837746547931,
		-0.075511398431973534,
		0.060161862660528032,
		0.0,
		-0.061467120922256153,
		-0.97613894035912929,
		-0.20826560484171439,
		0.0,
		0.074452763934357943,
		0.20359469006190736,
		-0.97622025594695117,
		0.0,
		-0.11449452520373057,
		-0.3835314023603385,
		2.1912570744946169,
		1.0
	],
	"intrinsic" : 
	{
		"height" : 1061,
		"intrinsic_matrix" : 
		[
			918.85295341528945,
			0.0,
			0.0,
			0.0,
			918.85295341528945,
			0.0,
			959.5,
			530.0,
			1.0
		],
		"width" : 1920
	},
	"version_major" : 1,
	"version_minor" : 0
}