{
	"class_name" : "PinholeCameraParameters",
	"extrinsic" : 
	[
		-0.80442869058612954,
		0.34834109067165242,
		-0.48119950780478654,
		0.0,
		-0.28197401262366095,
		-0.93686548514547929,
		-0.20681808177245345,
		0.0,
		-0.52286244650653257,
		-0.030684642621503475,
		0.85186461056930518,
		0.0,
		0.032884134731289705,
		0.19069586518473514,
		0.75382204421302368,
		1.0
	],
	"intrinsic" : 
	{
		"height" : 1017,
		"intrinsic_matrix" : 
		[
			880.74783564877418,
			0.0,
			0.0,
			0.0,
			880.74783564877418,
			0.0,
			959.5,
			508.0,
			1.0
		],
		"width" : 1920
	},
	"version_major" : 1,
	"version_minor" : 0
}