{
	"class_name" : "PinholeCameraParameters",
	"extrinsic" : 
	[
		0.9123372480330697,
		0.021969075140746294,
		-0.40884973473013958,
		0.0,
		-0.062712736055721835,
		-0.9792787667285221,
		-0.19256222311520566,
		0.0,
		-0.4046082779527016,
		0.2013217742126398,
		-0.89205475428362824,
		0.0,
		-0.045564261408675755,
		0.13978938478473604,
		1.0548336333740993,
		1.0
	],
	"intrinsic" : 
	{
		"height" : 1061,
		"intrinsic_matrix" : 
		[
			918.85295341528945,
			0.0,
			0.0,
			0.0,
			918.85295341528945,
			0.0,
			959.5,
			530.0,
			1.0
		],
		"width" : 1920
	},
	"version_major" : 1,
	"version_minor" : 0
}