{
	"class_name" : "PinholeCameraParameters",
	"extrinsic" : 
	[
		-0.73292678171513548,
		0.2423638152118231,
		-0.63567138815638358,
		0.0,
		-0.15604969429931748,
		-0.96936804823105138,
		-0.18966834205478766,
		0.0,
		-0.66216827585877602,
		-0.039816681738834542,
		0.74829660316048774,
		0.0,
		-0.029126928294468279,
		0.19014952618071967,
		0.84282842745229747,
		1.0
	],
	"intrinsic" : 
	{
		"height" : 1017,
		"intrinsic_matrix" : 
		[
			880.74783564877418,
			0.0,
			0.0,
			0.0,
			880.74783564877418,
			0.0,
			959.5,
			508.0,
			1.0
		],
		"width" : 1920
	},
	"version_major" : 1,
	"version_minor" : 0
}