{
	"class_name" : "PinholeCameraParameters",
	"extrinsic" : 
	[
		0.9470765610570544,
		-0.019861917941592241,
		-0.32039271482358173,
		0.0,
		-0.076504545553380709,
		-0.9832900675077425,
		-0.16518988361969972,
		0.0,
		-0.31175798627463286,
		0.18095896594615227,
		-0.93277050266273176,
		0.0,
		0.026000003223514673,
		0.20286188541899719,
		0.74529981875787688,
		1.0
	],
	"intrinsic" : 
	{
		"height" : 1017,
		"intrinsic_matrix" : 
		[
			880.74783564877418,
			0.0,
			0.0,
			0.0,
			880.74783564877418,
			0.0,
			959.5,
			508.0,
			1.0
		],
		"width" : 1920
	},
	"version_major" : 1,
	"version_minor" : 0
}