{
	"class_name" : "PinholeCameraParameters",
	"extrinsic" : 
	[
		0.99983691094114213,
		0.0035370093554889966,
		-0.017709914864107799,
		0.0,
		-0.00088223845871663415,
		-0.96989675050914637,
		-0.24351491742211751,
		0.0,
		-0.018038103419614943,
		0.24349082717141096,
		-0.96973545047523424,
		0.0,
		-0.0005246570079673607,
		-0.45419613992424807,
		2.0554978450242891,
		1.0
	],
	"intrinsic" : 
	{
		"height" : 1061,
		"intrinsic_matrix" : 
		[
			918.85295341528945,
			0.0,
			0.0,
			0.0,
			918.85295341528945,
			0.0,
			959.5,
			530.0,
			1.0
		],
		"width" : 1920
	},
	"version_major" : 1,
	"version_minor" : 0
}