{
	"class_name" : "PinholeCameraParameters",
	"extrinsic" : 
	[
		0.89047322537441054,
		0.072870055354400373,
		-0.44916298815011585,
		0.0,
		0.043589805248723495,
		-0.99621500818296871,
		-0.075203632554458999,
		0.0,
		-0.45294300278254968,
		0.047387894062242884,
		-0.89027918302444486,
		0.0,
		-0.032027855923435378,
		0.2043080975029575,
		0.91114920347337058,
		1.0
	],
	"intrinsic" : 
	{
		"height" : 1061,
		"intrinsic_matrix" : 
		[
			918.85295341528945,
			0.0,
			0.0,
			0.0,
			918.85295341528945,
			0.0,
			959.5,
			530.0,
			1.0
		],
		"width" : 1920
	},
	"version_major" : 1,
	"version_minor" : 0
}