{
	"class_name" : "PinholeCameraParameters",
	"extrinsic" : 
	[
		0.99999550000337512,
		-0.0003144210348546,
		0.0029834732130309743,
		0.0,
		8.0990037373532839e-05,
		-0.99130065521178212,
		-0.13161688500076804,
		0.0,
		0.0029989020680706857,
		0.13161653435683676,
		-0.99129616889720806,
		0.0,
		2.0129994118028155e-05,
		-0.38515916354127544,
		2.3025689313724707,
		1.0
	],
	"intrinsic" : 
	{
		"height" : 1061,
		"intrinsic_matrix" : 
		[
			918.85295341528945,
			0.0,
			0.0,
			0.0,
			918.85295341528945,
			0.0,
			959.5,
			530.0,
			1.0
		],
		"width" : 1920
	},
	"version_major" : 1,
	"version_minor" : 0
}